periodo,nome,variavel,valor
0,FURNAS,volume armazenado,20950.0
0,TUCURUI,volume armazenado,48275.0
1,FURNAS,volume armazenado,21027.644328031234
1,TUCURUI,volume armazenado,47482.212432257125
2,FURNAS,volume armazenado,21186.590330035495
2,TUCURUI,volume armazenado,46906.8513542917
3,FURNAS,volume armazenado,21345.769708039756
3,TUCURUI,volume armazenado,46385.121411146436
4,FURNAS,volume armazenado,21504.895230044018
4,TUCURUI,volume armazenado,45884.70048950393
5,FURNAS,volume armazenado,21663.85918404828
5,TUCURUI,volume armazenado,45390.64336449149
6,FURNAS,volume armazenado,21822.051202052542
6,TUCURUI,volume armazenado,44883.30130450666
7,FURNAS,volume armazenado,21791.75453672408
7,TUCURUI,volume armazenado,44664.69805890656
8,FURNAS,volume armazenado,21797.27709672408
8,TUCURUI,volume armazenado,44491.31235135128
9,FURNAS,volume armazenado,21851.826335583668
9,TUCURUI,volume armazenado,44269.86930902598
10,FURNAS,volume armazenado,21858.08867185444
10,TUCURUI,volume armazenado,44048.15483250067
11,FURNAS,volume armazenado,21817.826894996862
11,TUCURUI,volume armazenado,43826.98322447537
12,FURNAS,volume armazenado,21742.033453110736
12,TUCURUI,volume armazenado,43605.88916905007
13,FURNAS,volume armazenado,21649.522483028853
13,TUCURUI,volume armazenado,43383.74815302477
14,FURNAS,volume armazenado,21553.79925843221
14,TUCURUI,volume armazenado,43159.55199199947
15,FURNAS,volume armazenado,21456.30042464027
15,TUCURUI,volume armazenado,42942.82067543873
16,FURNAS,volume armazenado,21350.460578580056
16,TUCURUI,volume armazenado,42717.31524493862
17,FURNAS,volume armazenado,21505.04424458432
17,TUCURUI,volume armazenado,42068.1386347965
18,FURNAS,volume armazenado,21659.77152658858
18,TUCURUI,volume armazenado,41315.50139540764
19,FURNAS,volume armazenado,21813.798680592845
19,TUCURUI,volume armazenado,40495.95607563992
20,FURNAS,volume armazenado,21753.630246377546
20,TUCURUI,volume armazenado,40231.39145127297
21,FURNAS,volume armazenado,21729.210650835907
21,TUCURUI,volume armazenado,39966.09007690602
22,FURNAS,volume armazenado,21730.119546835907
22,TUCURUI,volume armazenado,39481.11908237159
23,FURNAS,volume armazenado,21723.44484585935
23,TUCURUI,volume armazenado,39259.92145547159
24,FURNAS,volume armazenado,21556.391425901973
24,TUCURUI,volume armazenado,39163.59430419718
25,FURNAS,volume armazenado,21388.709685944596
25,TUCURUI,volume armazenado,39097.77721713304
26,FURNAS,volume armazenado,21557.413102946724
26,TUCURUI,volume armazenado,38872.46930033305
27,FURNAS,volume armazenado,21566.096840968035
27,TUCURUI,volume armazenado,38682.48320135364
28,FURNAS,volume armazenado,21733.561569970167
28,TUCURUI,volume armazenado,38472.44498606922
29,FURNAS,volume armazenado,21900.487738972297
29,TUCURUI,volume armazenado,38261.2434811848
30,FURNAS,volume armazenado,22066.983059974427
30,TUCURUI,volume armazenado,38049.11134460038
31,FURNAS,volume armazenado,22215.82208597869
31,TUCURUI,volume armazenado,37873.983256882806
32,FURNAS,volume armazenado,22363.548087982952
32,TUCURUI,volume armazenado,37736.5535601403
33,FURNAS,volume armazenado,22511.058665987213
33,TUCURUI,volume armazenado,37647.44006502034
34,FURNAS,volume armazenado,22657.976827991475
34,TUCURUI,volume armazenado,37524.61717238579
35,FURNAS,volume armazenado,22804.069197995737
35,TUCURUI,volume armazenado,37343.556307768216
36,FURNAS,volume armazenado,22950.0
36,TUCURUI,volume armazenado,37125.29751268379
37,FURNAS,volume armazenado,22814.747422994296
37,TUCURUI,volume armazenado,37480.632269616945
38,FURNAS,volume armazenado,22714.78389776023
38,TUCURUI,volume armazenado,37835.3853817501
39,FURNAS,volume armazenado,22599.366096351594
39,TUCURUI,volume armazenado,38188.897651583255
40,FURNAS,volume armazenado,22743.932546355856
40,TUCURUI,volume armazenado,37902.18262319111
41,FURNAS,volume armazenado,22887.493684360117
41,TUCURUI,volume armazenado,37650.14506436581
42,FURNAS,volume armazenado,22950.0
42,TUCURUI,volume armazenado,37394.92784734051
43,FURNAS,volume armazenado,22771.816340042624
43,TUCURUI,volume armazenado,37315.89606661021
44,FURNAS,volume armazenado,22592.932552085247
44,TUCURUI,volume armazenado,37275.999847130726
45,FURNAS,volume armazenado,22417.291510731935
45,TUCURUI,volume armazenado,37062.285256430725
46,FURNAS,volume armazenado,22402.779638731936
46,TUCURUI,volume armazenado,36847.01961293072
47,FURNAS,volume armazenado,22387.944630731938
47,TUCURUI,volume armazenado,36593.05599563072
48,FURNAS,volume armazenado,22494.431755125293
48,TUCURUI,volume armazenado,36337.69643083072
49,FURNAS,volume armazenado,22476.796235125294
49,TUCURUI,volume armazenado,36131.51034560789
50,FURNAS,volume armazenado,22291.844671167917
50,TUCURUI,volume armazenado,36467.9660497129
51,FURNAS,volume armazenado,22105.99550731054
51,TUCURUI,volume armazenado,36828.70101075622
52,FURNAS,volume armazenado,21919.553927353165
52,TUCURUI,volume armazenado,37188.15635319953
53,FURNAS,volume armazenado,21733.291867395787
53,TUCURUI,volume armazenado,37547.99945884284
54,FURNAS,volume armazenado,21713.717531395785
54,TUCURUI,volume armazenado,37393.96764398449
55,FURNAS,volume armazenado,21692.922459495785
55,TUCURUI,volume armazenado,37409.7848981994
56,FURNAS,volume armazenado,21664.40017451923
56,TUCURUI,volume armazenado,37240.4526852763
57,FURNAS,volume armazenado,21635.75222554267
57,TUCURUI,volume armazenado,37088.51554447653
58,FURNAS,volume armazenado,21606.440052666112
58,TUCURUI,volume armazenado,36854.80763246719
59,FURNAS,volume armazenado,21416.372168708735
59,TUCURUI,volume armazenado,36738.38505064283
60,FURNAS,volume armazenado,21225.209212751357
60,TUCURUI,volume armazenado,36556.41969562429
61,FURNAS,volume armazenado,21034.100112793978
61,TUCURUI,volume armazenado,36357.634059932454
62,FURNAS,volume armazenado,20842.8294448366
62,TUCURUI,volume armazenado,36104.14704817565
63,FURNAS,volume armazenado,20653.608718592663
63,TUCURUI,volume armazenado,35819.74038757554
64,FURNAS,volume armazenado,20489.055721422228
64,TUCURUI,volume armazenado,35533.58879257543
65,FURNAS,volume armazenado,20295.66671756485
65,TUCURUI,volume armazenado,35291.72259357543
66,FURNAS,volume armazenado,20101.326257607474
66,TUCURUI,volume armazenado,35009.80124957543
67,FURNAS,volume armazenado,19907.380741650097
67,TUCURUI,volume armazenado,34728.73298457543
68,FURNAS,volume armazenado,19713.23775379272
68,TUCURUI,volume armazenado,34447.23818007543
69,FURNAS,volume armazenado,19518.96910193534
69,TUCURUI,volume armazenado,34165.47194137543
70,FURNAS,volume armazenado,19323.910561977962
70,TUCURUI,volume armazenado,33881.999544575425
71,FURNAS,volume armazenado,19128.367318020584
71,TUCURUI,volume armazenado,33539.7417562903
72,FURNAS,volume armazenado,19091.910249044027
72,TUCURUI,volume armazenado,33322.04329165475
73,FURNAS,volume armazenado,19054.89666806747
73,TUCURUI,volume armazenado,33111.20921694229
74,FURNAS,volume armazenado,19016.770063090913
74,TUCURUI,volume armazenado,32979.232753842174
75,FURNAS,volume armazenado,18984.59342309091
75,TUCURUI,volume armazenado,32677.096189616874
76,FURNAS,volume armazenado,18952.991247190912
76,TUCURUI,volume armazenado,32379.798633964034
77,FURNAS,volume armazenado,18921.98148719091
77,TUCURUI,volume armazenado,32094.524132447874
78,FURNAS,volume armazenado,18891.16919919091
78,TUCURUI,volume armazenado,31795.334568522572
79,FURNAS,volume armazenado,18853.617058214353
79,TUCURUI,volume armazenado,31699.357071797232
80,FURNAS,volume armazenado,18823.702370214352
80,TUCURUI,volume armazenado,31467.615556879657
81,FURNAS,volume armazenado,18786.724693337794
81,TUCURUI,volume armazenado,31453.684543678544
82,FURNAS,volume armazenado,18749.890632361235
82,TUCURUI,volume armazenado,31352.752832522794
83,FURNAS,volume armazenado,18713.595131384678
83,TUCURUI,volume armazenado,31155.792200286844
84,FURNAS,volume armazenado,18518.3570714273
84,TUCURUI,volume armazenado,31115.39195732162
85,FURNAS,volume armazenado,18323.208771569924
85,TUCURUI,volume armazenado,31032.502892743694
86,FURNAS,volume armazenado,18128.742647612547
86,TUCURUI,volume armazenado,30848.911525499832
87,FURNAS,volume armazenado,17935.35364375517
87,TUCURUI,volume armazenado,30365.478922241935
88,FURNAS,volume armazenado,17741.497887797792
88,TUCURUI,volume armazenado,29880.20314147411
89,FURNAS,volume armazenado,17713.27068779779
89,TUCURUI,volume armazenado,29092.878440551707
90,FURNAS,volume armazenado,17536.304021405955
90,TUCURUI,volume armazenado,28580.578398373083
91,FURNAS,volume armazenado,17339.45028144858
91,TUCURUI,volume armazenado,28223.127638773927
92,FURNAS,volume armazenado,17141.9143655912
92,TUCURUI,volume armazenado,27881.46920084227
93,FURNAS,volume armazenado,16944.719537633824
93,TUCURUI,volume armazenado,27547.45618737532
94,FURNAS,volume armazenado,16748.440261776446
94,TUCURUI,volume armazenado,27215.420766208368
95,FURNAS,volume armazenado,16555.882198014016
95,TUCURUI,volume armazenado,26943.80098492222
96,FURNAS,volume armazenado,16367.159734720726
96,TUCURUI,volume armazenado,26754.793982753712
97,FURNAS,volume armazenado,16182.246226086927
97,TUCURUI,volume armazenado,26694.12283392751
98,FURNAS,volume armazenado,16162.727372108237
98,TUCURUI,volume armazenado,26488.230503470815
99,FURNAS,volume armazenado,16142.544294129548
99,TUCURUI,volume armazenado,26345.201215928897
100,FURNAS,volume armazenado,16123.02544015086
100,TUCURUI,volume armazenado,26243.796761709073
101,FURNAS,volume armazenado,16104.20671417217
101,TUCURUI,volume armazenado,26159.573764223907
102,FURNAS,volume armazenado,16086.626676193482
102,TUCURUI,volume armazenado,26036.081048342832
103,FURNAS,volume armazenado,15910.260239987914
103,TUCURUI,volume armazenado,25832.905920093697
104,FURNAS,volume armazenado,15738.04924446246
104,TUCURUI,volume armazenado,25654.684570329457
105,FURNAS,volume armazenado,15569.303075474269
105,TUCURUI,volume armazenado,25482.131237259004
106,FURNAS,volume armazenado,15403.683046158849
106,TUCURUI,volume armazenado,25495.451854733546
107,FURNAS,volume armazenado,15241.941188570348
107,TUCURUI,volume armazenado,25415.13767629374
108,FURNAS,volume armazenado,15084.10326441196
108,TUCURUI,volume armazenado,25273.528335693914
109,FURNAS,volume armazenado,14930.92286026578
109,TUCURUI,volume armazenado,25093.495356429485
110,FURNAS,volume armazenado,14781.983136558907
110,TUCURUI,volume armazenado,24834.153452812963
111,FURNAS,volume armazenado,14637.160180179795
111,TUCURUI,volume armazenado,24539.557382466814
112,FURNAS,volume armazenado,14496.101716568599
112,TUCURUI,volume armazenado,24240.078885060502
113,FURNAS,volume armazenado,14484.73307058991
113,TUCURUI,volume armazenado,23734.397666922087
114,FURNAS,volume armazenado,14474.20816861122
114,TUCURUI,volume armazenado,23219.564863970358
115,FURNAS,volume armazenado,14464.455202632531
115,TUCURUI,volume armazenado,22655.053735562233
116,FURNAS,volume armazenado,14455.366460653842
116,TUCURUI,volume armazenado,22094.932053634973
117,FURNAS,volume armazenado,14446.421334775154
117,TUCURUI,volume armazenado,21539.706324014343
118,FURNAS,volume armazenado,14312.62471625434
118,TUCURUI,volume armazenado,21173.17707639686
119,FURNAS,volume armazenado,14182.469371710795
119,TUCURUI,volume armazenado,20877.261887823177
120,FURNAS,volume armazenado,14056.145884434749
120,TUCURUI,volume armazenado,20677.006428541514
121,FURNAS,volume armazenado,13933.14803357583
121,TUCURUI,volume armazenado,20565.63097948638
122,FURNAS,volume armazenado,13812.784734651848
122,TUCURUI,volume armazenado,20538.107383547733
123,FURNAS,volume armazenado,13695.551791605885
123,TUCURUI,volume armazenado,20559.961619156944
124,FURNAS,volume armazenado,13581.455021995325
124,TUCURUI,volume armazenado,20633.899854695148
125,FURNAS,volume armazenado,13471.104129556326
125,TUCURUI,volume armazenado,20721.806827021403
126,FURNAS,volume armazenado,13363.852566020852
126,TUCURUI,volume armazenado,20775.086210408666
127,FURNAS,volume armazenado,13259.511381435634
127,TUCURUI,volume armazenado,20756.475655175334
128,FURNAS,volume armazenado,13157.522500487055
128,TUCURUI,volume armazenado,20693.1773075778
129,FURNAS,volume armazenado,13058.849497703126
129,TUCURUI,volume armazenado,20592.918540493847
130,FURNAS,volume armazenado,12962.783727056545
130,TUCURUI,volume armazenado,20402.9232407184
131,FURNAS,volume armazenado,12869.110964910285
131,TUCURUI,volume armazenado,20106.512436386172
132,FURNAS,volume armazenado,12777.834631517779
132,TUCURUI,volume armazenado,19776.570893965873
133,FURNAS,volume armazenado,12688.99360569699
133,TUCURUI,volume armazenado,19469.952116062734
134,FURNAS,volume armazenado,12603.3365529356
134,TUCURUI,volume armazenado,19108.82994875665
135,FURNAS,volume armazenado,12519.997692022533
135,TUCURUI,volume armazenado,18698.56251544936
136,FURNAS,volume armazenado,12439.319536084386
136,TUCURUI,volume armazenado,18307.29841781294
137,FURNAS,volume armazenado,12361.72628429145
137,TUCURUI,volume armazenado,17921.603802723817
138,FURNAS,volume armazenado,12286.780578387355
138,TUCURUI,volume armazenado,17542.096260920884
139,FURNAS,volume armazenado,12214.089705282153
139,TUCURUI,volume armazenado,17154.374912320985
140,FURNAS,volume armazenado,12144.06855831411
140,TUCURUI,volume armazenado,16764.706733039504
141,FURNAS,volume armazenado,12076.306197193438
141,TUCURUI,volume armazenado,16394.54276284585
142,FURNAS,volume armazenado,12010.737779913203
142,TUCURUI,volume armazenado,16037.387315096545
143,FURNAS,volume armazenado,11947.335345736945
143,TUCURUI,volume armazenado,15769.827788704402
144,FURNAS,volume armazenado,11885.538568949627
144,TUCURUI,volume armazenado,15606.110033696305
145,FURNAS,volume armazenado,11825.207395272208
145,TUCURUI,volume armazenado,15571.89231637567
146,FURNAS,volume armazenado,11766.346808798504
146,TUCURUI,volume armazenado,15625.270870159547
147,FURNAS,volume armazenado,11709.583462096309
147,TUCURUI,volume armazenado,15728.163348038153
148,FURNAS,volume armazenado,11654.30516740996
148,TUCURUI,volume armazenado,15864.75337193453
149,FURNAS,volume armazenado,11600.214499770294
149,TUCURUI,volume armazenado,15995.322470849069
150,FURNAS,volume armazenado,11549.258613533884
150,TUCURUI,volume armazenado,16099.711119749341
151,FURNAS,volume armazenado,11499.950980379292
151,TUCURUI,volume armazenado,16161.847823884347
152,FURNAS,volume armazenado,11451.884184393242
152,TUCURUI,volume armazenado,16246.306225857894
153,FURNAS,volume armazenado,11404.730360626245
153,TUCURUI,volume armazenado,16344.075236533126
154,FURNAS,volume armazenado,11358.399421429056
154,TUCURUI,volume armazenado,16397.367417191777
155,FURNAS,volume armazenado,11313.22951492173
155,TUCURUI,volume armazenado,16372.971828289958
156,FURNAS,volume armazenado,11269.160913285765
156,TUCURUI,volume armazenado,16308.216541958553
157,FURNAS,volume armazenado,11226.383842476287
157,TUCURUI,volume armazenado,16247.351733089525
158,FURNAS,volume armazenado,11184.462791452599
158,TUCURUI,volume armazenado,16101.701047045535
159,FURNAS,volume armazenado,11143.859572208643
159,TUCURUI,volume armazenado,15831.455265221071
160,FURNAS,volume armazenado,11105.399435172323
160,TUCURUI,volume armazenado,15450.983714059232
161,FURNAS,volume armazenado,11067.101337977918
161,TUCURUI,volume armazenado,15067.137340766432
162,FURNAS,volume armazenado,11030.223213056073
162,TUCURUI,volume armazenado,14751.549577970076
163,FURNAS,volume armazenado,10994.149223176515
163,TUCURUI,volume armazenado,14420.931634794704
164,FURNAS,volume armazenado,10959.058022913629
164,TUCURUI,volume armazenado,14083.291213165658
165,FURNAS,volume armazenado,10924.787009803125
165,TUCURUI,volume armazenado,13769.384537442003
166,FURNAS,volume armazenado,10891.638858335356
166,TUCURUI,volume armazenado,13480.585809374603
167,FURNAS,volume armazenado,10859.092748211408
167,TUCURUI,volume armazenado,13250.959208049195
168,FURNAS,volume armazenado,10827.49143031384
168,TUCURUI,volume armazenado,13104.912335768746
0,FURNAS,volume vertido,-
0,TUCURUI,volume vertido,-
1,FURNAS,volume vertido,0.0
1,TUCURUI,volume vertido,0.0
2,FURNAS,volume vertido,0.0
2,TUCURUI,volume vertido,0.0
3,FURNAS,volume vertido,0.0
3,TUCURUI,volume vertido,0.0
4,FURNAS,volume vertido,0.0
4,TUCURUI,volume vertido,0.0
5,FURNAS,volume vertido,0.0
5,TUCURUI,volume vertido,0.0
6,FURNAS,volume vertido,0.0
6,TUCURUI,volume vertido,0.0
7,FURNAS,volume vertido,0.0
7,TUCURUI,volume vertido,0.0
8,FURNAS,volume vertido,0.0
8,TUCURUI,volume vertido,0.0
9,FURNAS,volume vertido,0.0
9,TUCURUI,volume vertido,0.0
10,FURNAS,volume vertido,0.0
10,TUCURUI,volume vertido,0.0
11,FURNAS,volume vertido,0.0
11,TUCURUI,volume vertido,0.0
12,FURNAS,volume vertido,0.0
12,TUCURUI,volume vertido,0.0
13,FURNAS,volume vertido,0.0
13,TUCURUI,volume vertido,0.0
14,FURNAS,volume vertido,0.0
14,TUCURUI,volume vertido,0.0
15,FURNAS,volume vertido,0.0
15,TUCURUI,volume vertido,0.0
16,FURNAS,volume vertido,0.0
16,TUCURUI,volume vertido,0.0
17,FURNAS,volume vertido,0.0
17,TUCURUI,volume vertido,0.0
18,FURNAS,volume vertido,0.0
18,TUCURUI,volume vertido,0.0
19,FURNAS,volume vertido,0.0
19,TUCURUI,volume vertido,0.0
20,FURNAS,volume vertido,0.0
20,TUCURUI,volume vertido,0.0
21,FURNAS,volume vertido,0.0
21,TUCURUI,volume vertido,0.0
22,FURNAS,volume vertido,0.0
22,TUCURUI,volume vertido,0.0
23,FURNAS,volume vertido,0.0
23,TUCURUI,volume vertido,0.0
24,FURNAS,volume vertido,0.0
24,TUCURUI,volume vertido,0.0
25,FURNAS,volume vertido,0.0
25,TUCURUI,volume vertido,0.0
26,FURNAS,volume vertido,0.0
26,TUCURUI,volume vertido,0.0
27,FURNAS,volume vertido,0.0
27,TUCURUI,volume vertido,0.0
28,FURNAS,volume vertido,0.0
28,TUCURUI,volume vertido,0.0
29,FURNAS,volume vertido,0.0
29,TUCURUI,volume vertido,0.0
30,FURNAS,volume vertido,0.0
30,TUCURUI,volume vertido,0.0
31,FURNAS,volume vertido,0.0
31,TUCURUI,volume vertido,0.0
32,FURNAS,volume vertido,0.0
32,TUCURUI,volume vertido,0.0
33,FURNAS,volume vertido,0.0
33,TUCURUI,volume vertido,0.0
34,FURNAS,volume vertido,0.0
34,TUCURUI,volume vertido,0.0
35,FURNAS,volume vertido,0.0
35,TUCURUI,volume vertido,0.0
36,FURNAS,volume vertido,0.0
36,TUCURUI,volume vertido,0.0
37,FURNAS,volume vertido,0.0
37,TUCURUI,volume vertido,0.0
38,FURNAS,volume vertido,0.0
38,TUCURUI,volume vertido,0.0
39,FURNAS,volume vertido,0.0
39,TUCURUI,volume vertido,0.0
40,FURNAS,volume vertido,0.0
40,TUCURUI,volume vertido,0.0
41,FURNAS,volume vertido,0.0
41,TUCURUI,volume vertido,0.0
42,FURNAS,volume vertido,0.0
42,TUCURUI,volume vertido,0.0
43,FURNAS,volume vertido,0.0
43,TUCURUI,volume vertido,0.0
44,FURNAS,volume vertido,0.0
44,TUCURUI,volume vertido,0.0
45,FURNAS,volume vertido,0.0
45,TUCURUI,volume vertido,0.0
46,FURNAS,volume vertido,0.0
46,TUCURUI,volume vertido,0.0
47,FURNAS,volume vertido,0.0
47,TUCURUI,volume vertido,0.0
48,FURNAS,volume vertido,0.0
48,TUCURUI,volume vertido,0.0
49,FURNAS,volume vertido,0.0
49,TUCURUI,volume vertido,0.0
50,FURNAS,volume vertido,0.0
50,TUCURUI,volume vertido,0.0
51,FURNAS,volume vertido,0.0
51,TUCURUI,volume vertido,0.0
52,FURNAS,volume vertido,0.0
52,TUCURUI,volume vertido,0.0
53,FURNAS,volume vertido,0.0
53,TUCURUI,volume vertido,0.0
54,FURNAS,volume vertido,0.0
54,TUCURUI,volume vertido,0.0
55,FURNAS,volume vertido,0.0
55,TUCURUI,volume vertido,0.0
56,FURNAS,volume vertido,0.0
56,TUCURUI,volume vertido,0.0
57,FURNAS,volume vertido,0.0
57,TUCURUI,volume vertido,0.0
58,FURNAS,volume vertido,0.0
58,TUCURUI,volume vertido,0.0
59,FURNAS,volume vertido,0.0
59,TUCURUI,volume vertido,0.0
60,FURNAS,volume vertido,0.0
60,TUCURUI,volume vertido,0.0
61,FURNAS,volume vertido,0.0
61,TUCURUI,volume vertido,0.0
62,FURNAS,volume vertido,0.0
62,TUCURUI,volume vertido,0.0
63,FURNAS,volume vertido,0.0
63,TUCURUI,volume vertido,0.0
64,FURNAS,volume vertido,0.0
64,TUCURUI,volume vertido,0.0
65,FURNAS,volume vertido,0.0
65,TUCURUI,volume vertido,0.0
66,FURNAS,volume vertido,0.0
66,TUCURUI,volume vertido,0.0
67,FURNAS,volume vertido,0.0
67,TUCURUI,volume vertido,0.0
68,FURNAS,volume vertido,0.0
68,TUCURUI,volume vertido,0.0
69,FURNAS,volume vertido,0.0
69,TUCURUI,volume vertido,0.0
70,FURNAS,volume vertido,0.0
70,TUCURUI,volume vertido,0.0
71,FURNAS,volume vertido,0.0
71,TUCURUI,volume vertido,0.0
72,FURNAS,volume vertido,0.0
72,TUCURUI,volume vertido,0.0
73,FURNAS,volume vertido,0.0
73,TUCURUI,volume vertido,0.0
74,FURNAS,volume vertido,0.0
74,TUCURUI,volume vertido,0.0
75,FURNAS,volume vertido,0.0
75,TUCURUI,volume vertido,0.0
76,FURNAS,volume vertido,0.0
76,TUCURUI,volume vertido,0.0
77,FURNAS,volume vertido,0.0
77,TUCURUI,volume vertido,0.0
78,FURNAS,volume vertido,0.0
78,TUCURUI,volume vertido,0.0
79,FURNAS,volume vertido,0.0
79,TUCURUI,volume vertido,0.0
80,FURNAS,volume vertido,0.0
80,TUCURUI,volume vertido,0.0
81,FURNAS,volume vertido,0.0
81,TUCURUI,volume vertido,0.0
82,FURNAS,volume vertido,0.0
82,TUCURUI,volume vertido,0.0
83,FURNAS,volume vertido,0.0
83,TUCURUI,volume vertido,0.0
84,FURNAS,volume vertido,0.0
84,TUCURUI,volume vertido,0.0
85,FURNAS,volume vertido,0.0
85,TUCURUI,volume vertido,0.0
86,FURNAS,volume vertido,0.0
86,TUCURUI,volume vertido,0.0
87,FURNAS,volume vertido,0.0
87,TUCURUI,volume vertido,0.0
88,FURNAS,volume vertido,0.0
88,TUCURUI,volume vertido,0.0
89,FURNAS,volume vertido,0.0
89,TUCURUI,volume vertido,0.0
90,FURNAS,volume vertido,0.0
90,TUCURUI,volume vertido,0.0
91,FURNAS,volume vertido,0.0
91,TUCURUI,volume vertido,0.0
92,FURNAS,volume vertido,0.0
92,TUCURUI,volume vertido,0.0
93,FURNAS,volume vertido,0.0
93,TUCURUI,volume vertido,0.0
94,FURNAS,volume vertido,0.0
94,TUCURUI,volume vertido,0.0
95,FURNAS,volume vertido,0.0
95,TUCURUI,volume vertido,0.0
96,FURNAS,volume vertido,0.0
96,TUCURUI,volume vertido,0.0
97,FURNAS,volume vertido,0.0
97,TUCURUI,volume vertido,0.0
98,FURNAS,volume vertido,0.0
98,TUCURUI,volume vertido,0.0
99,FURNAS,volume vertido,0.0
99,TUCURUI,volume vertido,0.0
100,FURNAS,volume vertido,0.0
100,TUCURUI,volume vertido,0.0
101,FURNAS,volume vertido,0.0
101,TUCURUI,volume vertido,0.0
102,FURNAS,volume vertido,0.0
102,TUCURUI,volume vertido,0.0
103,FURNAS,volume vertido,0.0
103,TUCURUI,volume vertido,0.0
104,FURNAS,volume vertido,0.0
104,TUCURUI,volume vertido,0.0
105,FURNAS,volume vertido,0.0
105,TUCURUI,volume vertido,0.0
106,FURNAS,volume vertido,0.0
106,TUCURUI,volume vertido,0.0
107,FURNAS,volume vertido,0.0
107,TUCURUI,volume vertido,0.0
108,FURNAS,volume vertido,0.0
108,TUCURUI,volume vertido,0.0
109,FURNAS,volume vertido,0.0
109,TUCURUI,volume vertido,0.0
110,FURNAS,volume vertido,0.0
110,TUCURUI,volume vertido,0.0
111,FURNAS,volume vertido,0.0
111,TUCURUI,volume vertido,0.0
112,FURNAS,volume vertido,0.0
112,TUCURUI,volume vertido,0.0
113,FURNAS,volume vertido,0.0
113,TUCURUI,volume vertido,0.0
114,FURNAS,volume vertido,0.0
114,TUCURUI,volume vertido,0.0
115,FURNAS,volume vertido,0.0
115,TUCURUI,volume vertido,0.0
116,FURNAS,volume vertido,0.0
116,TUCURUI,volume vertido,0.0
117,FURNAS,volume vertido,0.0
117,TUCURUI,volume vertido,0.0
118,FURNAS,volume vertido,0.0
118,TUCURUI,volume vertido,0.0
119,FURNAS,volume vertido,0.0
119,TUCURUI,volume vertido,0.0
120,FURNAS,volume vertido,0.0
120,TUCURUI,volume vertido,0.0
121,FURNAS,volume vertido,0.0
121,TUCURUI,volume vertido,0.0
122,FURNAS,volume vertido,0.0
122,TUCURUI,volume vertido,0.0
123,FURNAS,volume vertido,0.0
123,TUCURUI,volume vertido,0.0
124,FURNAS,volume vertido,0.0
124,TUCURUI,volume vertido,0.0
125,FURNAS,volume vertido,0.0
125,TUCURUI,volume vertido,0.0
126,FURNAS,volume vertido,0.0
126,TUCURUI,volume vertido,0.0
127,FURNAS,volume vertido,0.0
127,TUCURUI,volume vertido,0.0
128,FURNAS,volume vertido,0.0
128,TUCURUI,volume vertido,0.0
129,FURNAS,volume vertido,0.0
129,TUCURUI,volume vertido,0.0
130,FURNAS,volume vertido,0.0
130,TUCURUI,volume vertido,0.0
131,FURNAS,volume vertido,0.0
131,TUCURUI,volume vertido,0.0
132,FURNAS,volume vertido,0.0
132,TUCURUI,volume vertido,0.0
133,FURNAS,volume vertido,0.0
133,TUCURUI,volume vertido,0.0
134,FURNAS,volume vertido,0.0
134,TUCURUI,volume vertido,0.0
135,FURNAS,volume vertido,0.0
135,TUCURUI,volume vertido,0.0
136,FURNAS,volume vertido,0.0
136,TUCURUI,volume vertido,0.0
137,FURNAS,volume vertido,0.0
137,TUCURUI,volume vertido,0.0
138,FURNAS,volume vertido,0.0
138,TUCURUI,volume vertido,0.0
139,FURNAS,volume vertido,0.0
139,TUCURUI,volume vertido,0.0
140,FURNAS,volume vertido,0.0
140,TUCURUI,volume vertido,0.0
141,FURNAS,volume vertido,0.0
141,TUCURUI,volume vertido,0.0
142,FURNAS,volume vertido,0.0
142,TUCURUI,volume vertido,0.0
143,FURNAS,volume vertido,0.0
143,TUCURUI,volume vertido,0.0
144,FURNAS,volume vertido,0.0
144,TUCURUI,volume vertido,0.0
145,FURNAS,volume vertido,0.0
145,TUCURUI,volume vertido,0.0
146,FURNAS,volume vertido,0.0
146,TUCURUI,volume vertido,0.0
147,FURNAS,volume vertido,0.0
147,TUCURUI,volume vertido,0.0
148,FURNAS,volume vertido,0.0
148,TUCURUI,volume vertido,0.0
149,FURNAS,volume vertido,0.0
149,TUCURUI,volume vertido,0.0
150,FURNAS,volume vertido,0.0
150,TUCURUI,volume vertido,0.0
151,FURNAS,volume vertido,0.0
151,TUCURUI,volume vertido,0.0
152,FURNAS,volume vertido,0.0
152,TUCURUI,volume vertido,0.0
153,FURNAS,volume vertido,0.0
153,TUCURUI,volume vertido,0.0
154,FURNAS,volume vertido,0.0
154,TUCURUI,volume vertido,0.0
155,FURNAS,volume vertido,0.0
155,TUCURUI,volume vertido,0.0
156,FURNAS,volume vertido,0.0
156,TUCURUI,volume vertido,0.0
157,FURNAS,volume vertido,0.0
157,TUCURUI,volume vertido,0.0
158,FURNAS,volume vertido,0.0
158,TUCURUI,volume vertido,0.0
159,FURNAS,volume vertido,0.0
159,TUCURUI,volume vertido,0.0
160,FURNAS,volume vertido,0.0
160,TUCURUI,volume vertido,0.0
161,FURNAS,volume vertido,0.0
161,TUCURUI,volume vertido,0.0
162,FURNAS,volume vertido,0.0
162,TUCURUI,volume vertido,0.0
163,FURNAS,volume vertido,0.0
163,TUCURUI,volume vertido,0.0
164,FURNAS,volume vertido,0.0
164,TUCURUI,volume vertido,0.0
165,FURNAS,volume vertido,0.0
165,TUCURUI,volume vertido,0.0
166,FURNAS,volume vertido,0.0
166,TUCURUI,volume vertido,0.0
167,FURNAS,volume vertido,0.0
167,TUCURUI,volume vertido,0.0
168,FURNAS,volume vertido,0.0
168,TUCURUI,volume vertido,0.0
0,FURNAS,volume turbinado,-
0,TUCURUI,volume turbinado,-
1,FURNAS,volume turbinado,116.3988399687645
1,TUCURUI,volume turbinado,1211.9208106428773
2,FURNAS,volume turbinado,35.456205995737776
2,TUCURUI,volume turbinado,995.2698472654231
3,FURNAS,volume turbinado,35.456205995737776
3,TUCURUI,volume turbinado,942.14280454526
4,FURNAS,volume turbinado,35.456205995737776
4,TUCURUI,volume turbinado,920.717454142506
5,FURNAS,volume turbinado,35.456205995737776
5,TUCURUI,volume turbinado,914.0046706124408
6,FURNAS,volume turbinado,35.456205995737776
6,TUCURUI,volume turbinado,925.6222237848285
7,FURNAS,volume turbinado,224.03464932846288
7,TUCURUI,volume turbinado,637.0772910001072
8,FURNAS,volume turbinado,188.0
8,TUCURUI,volume turbinado,591.3944371552774
9,FURNAS,volume turbinado,138.63223314041105
9,TUCURUI,volume turbinado,638.7150218253001
10,FURNAS,volume turbinado,186.79347172923
10,TUCURUI,volume turbinado,638.7150218253001
11,FURNAS,volume turbinado,233.56891285757484
11,TUCURUI,volume turbinado,638.7150218253001
12,FURNAS,volume turbinado,269.13648188612717
12,TUCURUI,volume turbinado,638.7150218253001
13,FURNAS,volume turbinado,285.3693060818842
13,TUCURUI,volume turbinado,638.7150218253001
14,FURNAS,volume turbinado,287.6301045966437
14,TUCURUI,volume turbinado,638.7150218253001
15,FURNAS,volume turbinado,288.5440177919372
15,TUCURUI,volume turbinado,629.3889139607404
16,FURNAS,volume turbinado,296.3823740602155
16,TUCURUI,volume turbinado,637.0772910001072
17,FURNAS,volume turbinado,35.456205995737776
17,TUCURUI,volume turbinado,1059.6627336421145
18,FURNAS,volume turbinado,35.456205995737776
18,TUCURUI,volume turbinado,1163.4335734888607
19,FURNAS,volume turbinado,35.456205995737776
19,TUCURUI,volume turbinado,1228.8293773677212
20,FURNAS,volume turbinado,249.68769821529537
20,TUCURUI,volume turbinado,673.9262345669514
21,FURNAS,volume turbinado,213.59777154164254
21,TUCURUI,volume turbinado,673.9262345669514
22,FURNAS,volume turbinado,188.0
22,TUCURUI,volume turbinado,893.0142099344264
23,FURNAS,volume turbinado,195.00913297655777
23,TUCURUI,volume turbinado,628.0
24,FURNAS,volume turbinado,354.56205995737776
24,TUCURUI,volume turbinado,501.345813674407
25,FURNAS,volume turbinado,354.56205995737776
25,TUCURUI,volume turbinado,469.4785782641348
26,FURNAS,volume turbinado,17.728102997868888
26,TUCURUI,volume turbinado,628.0
27,FURNAS,volume turbinado,177.28102997868888
27,TUCURUI,volume turbinado,591.6699978794039
28,FURNAS,volume turbinado,17.728102997868888
28,TUCURUI,volume turbinado,610.0547323844213
29,FURNAS,volume turbinado,17.728102997868888
29,TUCURUI,volume turbinado,610.0547323844213
30,FURNAS,volume turbinado,17.728102997868888
30,TUCURUI,volume turbinado,610.0547323844213
31,FURNAS,volume turbinado,35.456205995737776
31,TUCURUI,volume turbinado,573.2057888175771
32,FURNAS,volume turbinado,35.456205995737776
32,TUCURUI,volume turbinado,533.1032660425035
33,FURNAS,volume turbinado,35.456205995737776
33,TUCURUI,volume turbinado,484.32174851996143
34,FURNAS,volume turbinado,35.456205995737776
34,TUCURUI,volume turbinado,516.7515275345506
35,FURNAS,volume turbinado,35.456205995737776
35,TUCURUI,volume turbinado,573.2057888175771
36,FURNAS,volume turbinado,35.456205995737776
36,TUCURUI,volume turbinado,610.0547323844213
37,FURNAS,volume turbinado,316.819105005703
37,TUCURUI,volume turbinado,36.84894356684424
38,FURNAS,volume turbinado,281.2607732340647
38,TUCURUI,volume turbinado,36.84894356684424
39,FURNAS,volume turbinado,296.1405854086352
39,TUCURUI,volume turbinado,36.84894356684424
40,FURNAS,volume turbinado,35.456205995737776
40,TUCURUI,volume turbinado,675.5639653921444
41,FURNAS,volume turbinado,35.456205995737776
41,TUCURUI,volume turbinado,638.7150218253001
42,FURNAS,volume turbinado,115.03896436011566
42,TUCURUI,volume turbinado,638.7150218253001
43,FURNAS,volume turbinado,354.56205995737776
43,TUCURUI,volume turbinado,460.00912473029575
44,FURNAS,volume turbinado,354.56205995737776
44,TUCURUI,volume turbinado,419.36128697948163
45,FURNAS,volume turbinado,349.8472493533142
45,TUCURUI,volume turbinado,590.0
46,FURNAS,volume turbinado,188.0
46,TUCURUI,volume turbinado,590.0
47,FURNAS,volume turbinado,188.0
47,TUCURUI,volume turbinado,628.0
48,FURNAS,volume turbinado,66.03159560664461
48,TUCURUI,volume turbinado,628.0
49,FURNAS,volume turbinado,188.0
49,TUCURUI,volume turbinado,574.1733620228355
50,FURNAS,volume turbinado,354.56205995737776
50,TUCURUI,volume turbinado,29.902967294983483
51,FURNAS,volume turbinado,354.56205995737776
51,TUCURUI,volume turbinado,3.684894356684424
52,FURNAS,volume turbinado,354.56205995737776
52,TUCURUI,volume turbinado,3.684894356684424
53,FURNAS,volume turbinado,354.56205995737776
53,TUCURUI,volume turbinado,3.684894356684424
54,FURNAS,volume turbinado,188.0
54,TUCURUI,volume turbinado,517.831249058352
55,FURNAS,volume turbinado,188.0
55,TUCURUI,volume turbinado,345.3453902850895
56,FURNAS,volume turbinado,195.00913297655777
56,TUCURUI,volume turbinado,528.9438046230991
57,FURNAS,volume turbinado,195.00913297655777
57,TUCURUI,volume turbinado,511.27729819976815
58,FURNAS,volume turbinado,195.00913297655777
58,TUCURUI,volume turbinado,591.6133456093397
59,FURNAS,volume turbinado,354.56205995737776
59,TUCURUI,volume turbinado,471.7300020243633
60,FURNAS,volume turbinado,354.56205995737776
60,TUCURUI,volume turbinado,534.9074196185408
61,FURNAS,volume turbinado,354.56205995737776
61,TUCURUI,volume turbinado,551.8440292918287
62,FURNAS,volume turbinado,354.56205995737776
62,TUCURUI,volume turbinado,606.1964184568089
63,FURNAS,volume turbinado,352.49416624393734
63,TUCURUI,volume turbinado,637.0772910001072
64,FURNAS,volume turbinado,327.0185971704349
64,TUCURUI,volume turbinado,637.0772910001092
65,FURNAS,volume turbinado,354.56205995737776
65,TUCURUI,volume turbinado,590.0
66,FURNAS,volume turbinado,354.56205995737776
66,TUCURUI,volume turbinado,628.0
67,FURNAS,volume turbinado,354.56205995737776
67,TUCURUI,volume turbinado,628.0
68,FURNAS,volume turbinado,354.56205995737776
68,TUCURUI,volume turbinado,628.0
69,FURNAS,volume turbinado,354.56205995737776
69,TUCURUI,volume turbinado,628.0
70,FURNAS,volume turbinado,354.56205995737776
70,TUCURUI,volume turbinado,628.0
71,FURNAS,volume turbinado,354.56205995737776
71,TUCURUI,volume turbinado,685.7384308851244
72,FURNAS,volume turbinado,195.00913297655777
72,TUCURUI,volume turbinado,560.1709228355454
73,FURNAS,volume turbinado,195.00913297655777
73,TUCURUI,volume turbinado,552.1044670124633
74,FURNAS,volume turbinado,195.00913297655777
74,TUCURUI,volume turbinado,470.8427236001191
75,FURNAS,volume turbinado,188.0
75,TUCURUI,volume turbinado,638.7150218253001
76,FURNAS,volume turbinado,188.0
76,TUCURUI,volume turbinado,635.1168554528392
77,FURNAS,volume turbinado,188.0
77,TUCURUI,volume turbinado,624.3734199161617
78,FURNAS,volume turbinado,188.0
78,TUCURUI,volume turbinado,638.7150218253001
79,FURNAS,volume turbinado,195.00913297655777
79,TUCURUI,volume turbinado,436.08459942533915
80,FURNAS,volume turbinado,188.0
80,TUCURUI,volume turbinado,573.2057888175771
81,FURNAS,volume turbinado,195.00913297655777
81,TUCURUI,volume turbinado,355.27895820111223
82,FURNAS,volume turbinado,195.00913297655777
82,TUCURUI,volume turbinado,442.5898666557499
83,FURNAS,volume turbinado,195.00913297655777
83,TUCURUI,volume turbinado,539.7820773359509
84,FURNAS,volume turbinado,354.56205995737776
84,TUCURUI,volume turbinado,384.5400829652229
85,FURNAS,volume turbinado,354.56205995737776
85,TUCURUI,volume turbinado,427.2227861779255
86,FURNAS,volume turbinado,354.56205995737776
86,TUCURUI,volume turbinado,529.3985890438623
87,FURNAS,volume turbinado,354.56205995737776
87,TUCURUI,volume turbinado,831.5664042578987
88,FURNAS,volume turbinado,354.56205995737776
88,TUCURUI,volume turbinado,832.4013973678248
89,FURNAS,volume turbinado,188.0
89,TUCURUI,volume turbinado,1132.4339489224058
90,FURNAS,volume turbinado,335.75210649183157
90,TUCURUI,volume turbinado,855.2765925786225
91,FURNAS,volume turbinado,354.56205995737776
91,TUCURUI,volume turbinado,698.1007307991563
92,FURNAS,volume turbinado,354.56205995737776
92,TUCURUI,volume turbinado,680.8349089316537
93,FURNAS,volume turbinado,354.56205995737776
93,TUCURUI,volume turbinado,673.9262345669514
94,FURNAS,volume turbinado,354.56205995737776
94,TUCURUI,volume turbinado,673.9262345669514
95,FURNAS,volume turbinado,350.71518386243025
95,TUCURUI,volume turbinado,613.239160486146
96,FURNAS,volume turbinado,346.70006329329146
96,TUCURUI,volume turbinado,530.2386181685099
97,FURNAS,volume turbinado,342.7654446337983
97,TUCURUI,volume turbinado,401.6313306261999
98,FURNAS,volume turbinado,177.28102997868888
98,TUCURUI,volume turbinado,546.6586306566962
99,FURNAS,volume turbinado,177.28102997868888
99,TUCURUI,volume turbinado,482.3608638419165
100,FURNAS,volume turbinado,177.28102997868888
100,TUCURUI,volume turbinado,442.1707544198236
101,FURNAS,volume turbinado,177.28102997868888
101,TUCURUI,volume turbinado,426.5015740851663
102,FURNAS,volume turbinado,177.28102997868888
102,TUCURUI,volume turbinado,468.4468585810755
103,FURNAS,volume turbinado,336.9470762055644
103,TUCURUI,volume turbinado,550.0293106491342
104,FURNAS,volume turbinado,333.2763395254551
104,TUCURUI,volume turbinado,526.1224927642397
105,FURNAS,volume turbinado,329.6858489881906
105,TUCURUI,volume turbinado,520.1830418704504
106,FURNAS,volume turbinado,326.16476541542033
106,TUCURUI,volume turbinado,333.4560123254562
107,FURNAS,volume turbinado,322.71744158850015
107,TUCURUI,volume turbinado,428.021439839804
108,FURNAS,volume turbinado,319.35206815838865
108,TUCURUI,volume turbinado,490.4798915998261
109,FURNAS,volume turbinado,316.0768521461796
109,TUCURUI,volume turbinado,531.8893069644287
110,FURNAS,volume turbinado,312.8953397068726
110,TUCURUI,volume turbinado,613.4860342165223
111,FURNAS,volume turbinado,309.8018363791125
111,TUCURUI,volume turbinado,650.950451146151
112,FURNAS,volume turbinado,306.7913276111958
112,TUCURUI,volume turbinado,657.4614836063128
113,FURNAS,volume turbinado,177.28102997868888
113,TUCURUI,volume turbinado,864.0519675384181
114,FURNAS,volume turbinado,177.28102997868888
114,TUCURUI,volume turbinado,875.0260394517296
115,FURNAS,volume turbinado,177.28102997868888
115,TUCURUI,volume turbinado,926.3717466081241
116,FURNAS,volume turbinado,177.28102997868888
116,TUCURUI,volume turbinado,923.4170240272574
117,FURNAS,volume turbinado,177.28102997868888
117,TUCURUI,volume turbinado,918.8312822206323
118,FURNAS,volume turbinado,302.8506025208135
118,TUCURUI,volume turbinado,731.685853017485
119,FURNAS,volume turbinado,300.0710245435457
119,TUCURUI,volume turbinado,662.9330573736854
120,FURNAS,volume turbinado,297.3701432760463
120,TUCURUI,volume turbinado,569.716236281664
121,FURNAS,volume turbinado,294.7446348589201
121,TUCURUI,volume turbinado,482.34850245513366
122,FURNAS,volume turbinado,292.181890923981
122,TUCURUI,volume turbinado,398.65175463864773
123,FURNAS,volume turbinado,289.67985504596254
123,TUCURUI,volume turbinado,350.63109429078935
124,FURNAS,volume turbinado,287.24380961055977
124,TUCURUI,volume turbinado,300.0593708617977
125,FURNAS,volume turbinado,284.8802364389994
125,TUCURUI,volume turbinado,289.07641067374493
126,FURNAS,volume turbinado,282.5887475354739
126,TUCURUI,volume turbinado,325.448934012736
127,FURNAS,volume turbinado,280.36054458521903
127,TUCURUI,volume turbinado,398.8123728333292
128,FURNAS,volume turbinado,278.1877609485782
128,TUCURUI,volume turbinado,443.88792839753603
129,FURNAS,volume turbinado,276.0746667839303
129,TUCURUI,volume turbinado,483.44636128395456
130,FURNAS,volume turbinado,274.02394664658095
130,TUCURUI,volume turbinado,574.3849599754468
131,FURNAS,volume turbinado,272.0258821462594
131,TUCURUI,volume turbinado,681.6535435322262
132,FURNAS,volume turbinado,270.07825339250667
132,TUCURUI,volume turbinado,716.153689620298
133,FURNAS,volume turbinado,268.18150582079033
133,TUCURUI,volume turbinado,693.9942147031396
134,FURNAS,volume turbinado,266.3439327613887
134,TUCURUI,volume turbinado,751.4058281060824
135,FURNAS,volume turbinado,264.5643009130672
135,TUCURUI,volume turbinado,801.7143837072917
136,FURNAS,volume turbinado,262.83709993814773
136,TUCURUI,volume turbinado,784.72741663642
137,FURNAS,volume turbinado,261.17040379293576
137,TUCURUI,volume turbinado,782.2212633891224
138,FURNAS,volume turbinado,259.5640739040937
138,TUCURUI,volume turbinado,778.2832167029343
139,FURNAS,volume turbinado,258.0093691052025
139,TUCURUI,volume turbinado,788.0092999998982
140,FURNAS,volume turbinado,256.506522968044
140,TUCURUI,volume turbinado,792.4765914814834
141,FURNAS,volume turbinado,255.05557712067093
141,TUCURUI,volume turbinado,774.7173167936528
142,FURNAS,volume turbinado,253.6515212802351
142,TUCURUI,volume turbinado,763.4149523493032
143,FURNAS,volume turbinado,252.29337817625856
143,TUCURUI,volume turbinado,675.5639653921429
144,FURNAS,volume turbinado,250.9749527873173
144,TUCURUI,volume turbinado,572.3426152080983
145,FURNAS,volume turbinado,249.68886967741855
145,TUCURUI,volume turbinado,443.2303407206341
146,FURNAS,volume turbinado,248.43370647370284
146,TUCURUI,volume turbinado,356.09938541612195
147,FURNAS,volume turbinado,247.21611470219432
147,TUCURUI,volume turbinado,308.4855010213941
148,FURNAS,volume turbinado,246.03624668634802
148,TUCURUI,volume turbinado,275.4471524036228
149,FURNAS,volume turbinado,244.88452363966644
149,TUCURUI,volume turbinado,281.5456300854604
150,FURNAS,volume turbinado,243.778318236411
150,TUCURUI,volume turbinado,312.107804199728
151,FURNAS,volume turbinado,242.72248115459297
151,TUCURUI,volume turbinado,355.6393675649935
152,FURNAS,volume turbinado,241.69706798604966
152,TUCURUI,volume turbinado,333.7829855264527
153,FURNAS,volume turbinado,240.69433576699703
153,TUCURUI,volume turbinado,320.2784952247666
154,FURNAS,volume turbinado,239.7098831971889
154,TUCURUI,volume turbinado,364.40633834134934
155,FURNAS,volume turbinado,238.7463225073261
155,TUCURUI,volume turbinado,442.5206475018195
156,FURNAS,volume turbinado,237.80658563596444
156,TUCURUI,volume turbinado,483.22933173140575
157,FURNAS,volume turbinado,236.89204680947842
157,TUCURUI,volume turbinado,480.1531570690274
158,FURNAS,volume turbinado,236.0001230236885
158,TUCURUI,volume turbinado,564.8614815439895
159,FURNAS,volume turbinado,235.13109124395305
159,TUCURUI,volume turbinado,690.425985324463
160,FURNAS,volume turbinado,234.29850503632042
160,TUCURUI,volume turbinado,803.4824260618398
161,FURNAS,volume turbinado,233.49019319440777
161,TUCURUI,volume turbinado,805.4613006927987
162,FURNAS,volume turbinado,232.69854092184505
162,TUCURUI,volume turbinado,738.5598613963564
163,FURNAS,volume turbinado,231.930309879559
163,TUCURUI,volume turbinado,753.667594375371
164,FURNAS,volume turbinado,231.18089626288565
164,TUCURUI,volume turbinado,761.1941650290464
165,FURNAS,volume turbinado,230.45046911050304
165,TUCURUI,volume turbinado,737.6543007236542
166,FURNAS,volume turbinado,229.74050346776858
166,TUCURUI,volume turbinado,713.4382083674003
167,FURNAS,volume turbinado,229.04870212394962
167,TUCURUI,volume turbinado,654.0722000254086
168,FURNAS,volume turbinado,228.3731898975675
168,TUCURUI,volume turbinado,571.0741157804491
